,data_light,data_batt,data_acce_x,data_acce_y,data_acce_z,data_temp,data_baro,data_magnx,data_magny,data_magnz,data_gyrox,data_gyroy,data_gyroz
0,0.4,76,0.181884766,-0.050537109,-1.006103516,18.74,1008.83,63.12429792,63.57411477,-501.5457875,4.722595215,-5.317687988,-5.798339844
1,0.4,76,0.154052734,0.002685547,-0.988525391,18.74,1008.79,63.57411477,62.22466422,-503.3450549,6.02722168,-6.141662598,-6.439208984
2,0.4,76,0.066162109,-0.026611328,-0.994873047,18.74,1008.82,62.07472527,63.12429792,-502.1455433,5.401611328,-4.31060791,-7.125854492
3,0.4,76,0.190185547,0.008300781,-1.002929688,18.74,1008.83,62.37460317,61.77484737,-501.5457875,4.348754883,-2.35748291,-5.798339844
4,0.4,76,0.124023438,0.029785156,-0.972412109,18.73,1008.84,64.02393162,62.22466422,-501.3958486,6.050109863,-6.217956543,-5.928039551
5,0.4,76,0.115966797,-0.013671875,-1.071777344,18.74,1008.86,63.12429792,61.32503053,-502.1455433,4.837036133,-6.546020508,-5.584716797
6,0.4,76,0.146484375,-0.033935547,-0.990722656,18.73,1008.86,63.12429792,62.82442002,-502.1455433,5.477905273,-3.753662109,-5.905151367
7,0.4,76,0.145019531,0.024902344,-0.977783203,18.75,1008.85,64.17387057,62.37460317,-502.1455433,5.905151367,-4.997253418,-6.401062012
8,0.4,76,0.140625,-0.111328125,-0.915527344,18.73,1008.84,62.37460317,62.82442002,-503.9448107,7.270812988,-20.19500732,-3.044128418
9,0.4,76,0.228027344,-0.010986328,-1.033935547,18.72,1008.84,66.12307692,59.82564103,-506.4937729,6.332397461,-1.388549805,-1.884460449
10,0.32,76,0.088867188,-0.068115234,-0.514892578,18.72,1008.85,58.62612943,64.77362637,-506.4937729,11.88659668,-44.6472168,-12.64190674
11,0.4,76,0.171630859,-0.074707031,-0.984863281,18.73,1008.85,68.37216117,49.92967033,-502.5953602,4.638671875,-3.326416016,-12.25280762
12,0.48,76,0.181884766,-0.064697266,-1.0234375,18.72,1008.84,54.27789988,70.32136752,-528.9846154,2.716064453,3.295898438,-6.973266602
13,0.4,76,0.287597656,-0.008300781,-1.005126953,18.72,1008.83,75.11941392,65.67326007,-503.9448107,17.89093018,-1.434326172,-47.54638672
14,0.24,76,0.209960938,0.149169922,-1.001464844,18.73,1008.83,85.46520147,70.32136752,-497.047619,9.368896484,-1.258850098,-11.1618042
15,0.32,76,1.217529297,0.486816406,-0.369873047,18.75,1008.77,70.77118437,59.07594628,-500.9460317,19.20318604,37.55187988,-15.57922363
16,0.73,76,0.277099609,-0.083007813,-0.692871094,18.75,1008.84,93.11208791,70.17142857,-491.6498168,6.790161133,-4.203796387,-5.546569824
17,0.56,76,0.234375,0.111816406,-1.093994141,18.76,1008.79,89.06373626,54.27789988,-492.2495726,10.52856445,-18.74542236,-15.2053833
18,0.48,76,0.238037109,-0.192138672,-0.984130859,18.77,1008.83,74.51965812,56.67692308,-506.9435897,12.4206543,7.133483887,-63.98773193
19,0.32,76,0.086181641,0.138427734,-1.123535156,18.77,1008.77,54.27789988,68.22222222,-558.3726496,7.888793945,-5.737304688,-8.277893066
20,0.48,76,0.411621094,-0.284179688,-0.335449219,18.77,1008.77,58.77606838,52.77851038,-504.9943834,56.26678467,-62.26348877,-58.46405029
21,0.24,76,0.148925781,-0.171630859,-1.022216797,18.78,1008.84,42.28278388,65.82319902,-513.6908425,3.944396973,3.471374512,-32.37915039
22,0.4,76,0.148193359,0.062011719,-0.940673828,18.78,1008.84,66.72283272,63.57411477,-533.9326007,7.530212402,-21.23260498,-7.89642334
23,0.4,76,0.080322266,0.000732422,-1.131835938,18.78,1008.76,86.66471306,65.82319902,-507.5433455,7.583618164,11.34490967,-47.11914063
24,0.48,76,0.236572266,-0.016601563,-0.964599609,18.8,1008.85,87.11452991,60.42539683,-494.7985348,-2.563476563,-8.247375488,-9.078979492
25,0.56,76,0.199462891,0.079345703,-0.966308594,18.8,1008.84,82.31648352,55.62735043,-493.8989011,4.257202148,5.027770996,-12.74108887
26,1.2,76,0.119384766,0.277832031,-0.575927734,18.82,1008.84,86.66471306,73.76996337,-495.8481074,27.19116211,-27.6260376,-37.65106201
27,1.45,76,0.209716797,-0.049804688,-1.088623047,18.82,1008.83,92.21245421,62.82442002,-487.7514042,14.12200928,11.72637939,-15.28930664
28,0.72,76,0.182861328,-0.18359375,-1.076416016,18.83,1008.85,83.21611722,51.12918193,-493.7489621,12.08496094,-2.380371094,-47.76763916
29,0.48,76,0.095703125,-0.097167969,-0.862548828,18.84,1008.85,59.37582418,67.92234432,-514.1406593,3.288269043,-14.03045654,-11.32202148
30,0.24,76,0.286376953,0.015625,-0.929199219,18.84,1008.79,66.27301587,52.77851038,-500.4962149,36.89575195,-3.50189209,13.51165771
31,0.48,76,0.065429688,-0.062744141,-1.041503906,18.85,1008.76,65.97313797,56.67692308,-502.1455433,9.490966797,-5.569458008,-52.49023438
32,0.48,76,0.088134766,-0.041992188,-1.061767578,18.85,1008.85,62.52454212,71.97069597,-515.7899878,6.973266602,-4.219055176,-2.143859863
33,0.4,76,0.06640625,0.036865234,-1.094238281,18.86,1008.85,47.98046398,69.72161172,-519.9882784,6.469726563,-5.477905273,-5.828857422
34,0.32,76,0.207519531,0.05078125,-0.978271484,18.86,1008.78,52.77851038,70.32136752,-513.5409035,5.416870117,-4.409790039,-6.622314453
35,0.4,76,0.158691406,-0.008789063,-0.986816406,18.87,1008.84,52.47863248,70.02148962,-522.8371184,5.729675293,-4.211425781,-6.294250488
36,0.4,76,0.219970703,0.004394531,-0.973876953,18.87,1008.81,50.07960928,71.97069597,-522.6871795,5.310058594,-4.371643066,-5.851745605
37,0.4,76,0.15234375,0.017578125,-0.973144531,18.89,1008.84,50.07960928,72.57045177,-524.3365079,6.774902344,-4.386901855,-4.440307617
38,0.48,76,0.229003906,0.046142578,-0.985595703,18.9,1008.79,51.57899878,70.77118437,-524.7863248,5.493164063,-3.486633301,-6.660461426
39,0.4,76,0.185058594,0.009765625,-0.969238281,18.91,1008.81,84.56556777,69.12185592,-510.2422466,6.301879883,-2.555847168,-7.736206055
40,0.64,76,0.218994141,0.109130859,-0.876464844,18.92,1008.83,98.95970696,70.62124542,-505.5941392,12.87841797,1.197814941,-46.63848877
41,0.81,76,0.627197266,0.085205078,-0.797851563,18.94,1008.85,87.56434676,76.01904762,-502.1455433,-4.364013672,13.41247559,-11.84082031
42,0.4,76,-0.196289063,-0.075683594,-1.098876953,18.96,1008.86,75.71916972,64.47374847,-511.7416361,3.036499023,-0.57220459,-8.811950684
43,0.73,76,0.047851563,0.108886719,-0.965576172,18.97,1008.84,99.10964591,62.22466422,-483.7030525,3.219604492,-6.530761719,-13.671875
44,0.97,76,0.126220703,0.005615234,-0.998779297,18.98,1008.76,88.76385836,67.92234432,-494.04884,5.752563477,22.38464355,-14.39666748
45,0.4,76,-0.013183594,-0.085205078,-1.224609375,19.01,1008.83,64.47374847,60.27545788,-512.4913309,1.327514648,-4.15802002,-66.60461426
46,0.24,76,0.225585938,0.008300781,-1.047607422,19,1008.9,53.67814408,63.27423687,-511.7416361,4.707336426,-10.1776123,-12.0010376
47,0.16,76,0.133789063,-0.060791016,-1.031494141,19.02,1008.9,64.77362637,56.22710623,-500.6461538,13.67950439,-1.258850098,-11.56616211
48,0.32,76,-0.412841797,-0.118652344,-0.955810547,19.01,1008.79,69.27179487,57.57655678,-516.5396825,4.974365234,130.0125122,-0.114440918
49,0.4,76,0.122558594,0.016601563,-0.930175781,19.02,1008.83,48.13040293,54.27789988,-509.7924298,6.523132324,-12.57324219,-29.56390381
50,0.48,76,0.365722656,-0.057373047,-0.865966797,19.02,1008.79,63.57411477,69.12185592,-530.9338217,28.67889404,102.7603149,1.899719238
51,0.32,76,0.122802734,-0.014160156,-0.995361328,19.02,1008.9,78.56800977,68.67203907,-501.6957265,16.76940918,-7.698059082,-55.27496338
52,0.4,76,0.123046875,0.079833984,-1.005126953,19.03,1008.83,81.41684982,72.27057387,-491.3499389,4.028320313,-2.571105957,-3.173828125
53,0.56,76,0.331787109,0.098388672,-1.093994141,19.04,1008.86,122.8,20.24175824,-584.162149,-1.777648926,-20.40863037,-4.463195801
54,0.56,76,0.567626953,0.153076172,-1.095458984,19.05,1008.82,81.56678877,64.92356532,-497.6473748,16.55578613,-5.264282227,-17.60864258
55,1.29,76,0.116210938,0.102050781,-0.790527344,19.04,1008.87,98.95970696,55.32747253,-484.3028083,2.685546875,-5.889892578,-39.52789307
56,1.29,76,0.079101563,0.098388672,-0.98828125,19.05,1008.87,88.16410256,60.12551893,-493.4490842,5.767822266,-5.920410156,-7.186889648
57,1.05,76,0.142333984,0.092285156,-1.001220703,19.05,1008.83,63.57411477,64.02393162,-551.9252747,5.126953125,-4.913330078,-4.760742188
58,1.05,76,0.132568359,0.056884766,-0.978271484,19.04,1008.82,63.57411477,65.52332112,-554.02442,4.753112793,-5.310058594,-3.952026367
59,1.05,76,0.107666016,0.052490234,-0.997802734,19.05,1008.75,63.87399267,67.47252747,-552.8249084,6.072998047,-5.424499512,-5.264282227
60,1.05,76,0.128173828,-0.007324219,-1.037109375,19.05,1008.84,63.27423687,65.82319902,-555.8236874,4.730224609,-4.013061523,-4.79888916
61,1.05,76,0.150878906,0.037597656,-0.988769531,19.05,1008.76,63.42417582,67.02271062,-554.4742369,6.172180176,-4.341125488,-5.645751953
62,1.13,76,0.147705078,0.055664063,-0.988037109,19.06,1008.82,67.47252747,69.72161172,-558.2227106,7.026672363,-8.38470459,-6.820678711
63,0.81,76,0.086425781,0.089111328,-1.004394531,19.05,1008.82,70.32136752,56.52698413,-489.2507937,2.700805664,-5.004882813,-4.829406738
64,0.96,76,0.160400391,0.058105469,-1.057373047,19.05,1008.87,61.02515263,54.57777778,-507.3934066,9.231567383,-4.96673584,-38.16986084
65,0.4,76,0.003417969,0.05859375,-0.982910156,19.04,1008.86,59.52576313,58.17631258,-504.2446886,11.63482666,-8.033752441,-32.48596191
66,0.56,76,0.251953125,0.054931641,-1.008789063,19.03,1008.76,63.57411477,59.37582418,-504.3946276,2.27355957,-8.857727051,10.68878174
67,0.24,76,0.25,-0.588378906,-0.207275391,19.05,1008.9,70.62124542,55.32747253,-504.9943834,-6.34765625,28.19824219,-13.61083984
68,0.48,76,-0.075195313,0.050292969,-1.495117188,19.05,1008.84,77.51843712,75.41929182,-507.2434676,9.338378906,-8.239746094,-45.0592041
69,0.4,76,0.141357422,-0.065429688,-1.027587891,19.04,1008.9,66.42295482,66.57289377,-519.5384615,17.40264893,-122.5891113,-27.89306641
70,0.56,76,0.291259766,0.061279297,-1.040771484,19.04,1008.86,91.16288156,60.72527473,-499.4466422,-6.523132324,-6.164550781,-7.835388184
71,0.56,76,0.232910156,-0.052734375,-0.987548828,19.04,1008.78,61.17509158,66.57289377,-546.8273504,17.27294922,1.922607422,-43.09844971
72,0.81,76,0.117431641,0.072021484,-0.970703125,19.04,1008.83,82.61636142,64.62368742,-499.1467643,4.570007324,1.968383789,-17.06695557
73,0.4,76,-0.557373047,-0.1953125,-0.912109375,19.03,1008.76,92.51233211,47.08083028,-494.9484737,8.415222168,-2.18963623,-14.06860352
74,0.73,76,0.417724609,0.208984375,-0.827392578,19.04,1008.84,100.0092796,67.02271062,-479.8046398,11.0244751,-5.004882813,-25.98571777
75,0.88,76,0.261474609,0.16015625,-0.947509766,19.04,1008.84,109.0056166,66.87277167,-493.4490842,3.463745117,-9.323120117,-0.038146973
76,0.56,76,0.190185547,-0.114501953,-1.02734375,19.03,1008.79,77.06862027,59.82564103,-489.7006105,2.227783203,-1.14440918,-7.743835449
77,0.48,76,0.104003906,0.079345703,-1.014160156,19.03,1008.89,59.67570208,60.87521368,-505.7440781,17.38739014,-26.5045166,4.089355469
78,0.56,76,0.100097656,0.054443359,-0.820556641,19.04,1008.92,54.87765568,66.42295482,-496.2979243,5.37109375,-87.76855469,-13.01574707
79,0.48,76,-0.048095703,-0.186035156,-1.020751953,19.04,1008.91,71.22100122,42.43272283,-516.6896215,13.07678223,-7.064819336,-52.07061768
80,0.4,76,0.306640625,-0.095947266,-1.022705078,19.02,1008.86,68.22222222,68.37216117,-522.9870574,45.0668335,-120.8496094,-23.19335938
81,0.64,76,0.086181641,-0.070068359,-0.984375,19.02,1008.85,66.42295482,70.47130647,-506.193895,5.996704102,-5.424499512,-16.96777344
82,0.56,76,0.187744141,0.247314453,-0.992919922,19.03,1008.79,86.36483516,68.37216117,-509.9423687,4.997253418,-12.11547852,-5.05065918
83,0.57,76,0.057617188,0.137207031,-0.996337891,19.03,1008.81,87.26446886,83.81587302,-501.0959707,17.92144775,178.9321899,-39.71862793
84,0.4,76,0.134521484,0.527099609,-0.470703125,19.04,1008.82,92.81221001,46.18119658,-488.6510379,6.454467773,-68.13049316,-4.806518555
85,0.81,76,0.150146484,0.05859375,-1.013427734,19.03,1008.81,93.41196581,68.67203907,-484.1528694,10.91766357,15.40374756,-41.96166992
86,0.96,76,0.211669922,0.107910156,-1.21484375,19.04,1008.82,101.5086691,67.77240537,-467.359707,8.888244629,-27.31323242,-14.793396
87,0.48,76,0.158691406,-0.066650391,-1.022705078,19.03,1008.86,65.37338217,55.47741148,-513.6908425,16.23535156,-0.907897949,-57.64007568
88,0.64,76,0.166992188,-0.045410156,-0.99609375,19.03,1008.83,54.72771673,69.72161172,-556.4234432,4.081726074,-17.60864258,-6.91986084
89,0.16,76,0.21484375,-0.051513672,-0.967285156,19.03,1008.9,66.72283272,56.37704518,-498.3970696,4.524230957,-20.14923096,12.79449463
90,0.24,76,0.141601563,-0.015869141,-1.089599609,19.03,1008.86,65.07350427,61.17509158,-507.8432234,7.484436035,-12.49694824,-48.53820801
91,0.48,76,0.142089844,0.095947266,-0.959228516,19.03,1008.9,49.92967033,69.57167277,-509.042735,12.02392578,-9.704589844,-33.04290771
92,0.48,76,0.147949219,0.032714844,-1.000488281,19.02,1008.85,69.87155067,66.42295482,-513.8407814,7.011413574,-7.034301758,-8.758544922
93,0.4,76,0.189941406,0.048339844,-1.020996094,19.03,1008.86,56.67692308,71.37094017,-603.5042735,5.69152832,-3.433227539,-5.752563477
94,0.4,76,0.1875,0.045898438,-1.0078125,19.03,1008.93,44.83174603,74.36971917,-568.8683761,6.484985352,-5.77545166,-6.370544434
95,0.56,76,0.166503906,-0.047363281,-0.986816406,19.02,1008.84,47.53064713,74.66959707,-569.7680098,5.386352539,-4.257202148,-4.531860352
96,0.56,76,0.221679688,0.032470703,-0.999511719,19.01,1008.81,46.03125763,74.21978022,-569.018315,5.546569824,-5.935668945,-6.500244141
97,0.48,76,0.165039063,0.052978516,-0.998779297,19.01,1008.84,44.98168498,74.21978022,-567.6688645,6.416320801,-5.752563477,-6.843566895
98,0.56,76,0.193115234,0.041992188,-0.993652344,19.02,1008.84,43.63223443,76.31892552,-570.6676435,5.645751953,-9.536743164,-5.45501709
99,0.48,76,0.326904297,0.083984375,-1.025146484,19.01,1008.9,74.51965812,69.27179487,-482.5035409,10.1776123,-12.23754883,-5.256652832
100,0.48,76,0.287353516,0.1171875,-1.027832031,19.02,1008.91,97.91013431,63.12429792,-513.8407814,0.686645508,22.0489502,-32.96661377
101,0.88,76,0.264160156,-0.151123047,-0.967041016,19.02,1008.83,94.46153846,86.21489621,-498.5470085,-2.670288086,-108.6578369,-7.789611816
102,0.4,76,0.259765625,0.063232422,-1.025146484,19.01,1008.84,86.06495726,64.02393162,-548.9264957,7.850646973,-4.272460938,-10.29205322
103,1.05,76,0.240478516,0.061767578,-0.903076172,19.01,1008.79,74.21978022,46.93089133,-444.8688645,8.270263672,-2.479553223,-33.08105469
104,0.88,76,0.182128906,-0.169921875,-0.989257813,19.02,1008.77,95.36117216,65.67326007,-479.8046398,10.26153564,5.157470703,-25.83312988
105,0.4,76,0.081298828,-0.104003906,-0.91015625,19.02,1008.85,67.92234432,60.42539683,-493.4490842,14.86206055,-2.548217773,-59.58557129
106,0.64,76,0.403564453,-0.055175781,-0.904296875,19.03,1008.89,59.22588523,63.57411477,-503.195116,7.369995117,-5.798339844,28.40423584
107,0.32,76,0.083251953,-0.265625,-0.962402344,19.01,1008.87,58.47619048,52.47863248,-499.4466422,18.19610596,-1.693725586,0.74005127
108,0.56,76,0.193359375,-0.052978516,-1.145996094,19.02,1008.93,78.41807082,54.27789988,-509.4925519,8.758544922,-18.08929443,-33.64562988
109,0.4,76,0.208740234,-0.012451172,-0.911132813,19.01,1008.84,59.07594628,71.22100122,-509.192674,5.104064941,-15.16723633,-13.24462891
110,0.4,76,0.25,-0.049804688,-1.134765625,19.01,1008.83,83.66593407,58.92600733,-489.4007326,6.080627441,-1.647949219,-6.767272949
111,0.4,76,0.206298828,0.078613281,-0.985351563,19.02,1008.85,83.21611722,65.52332112,-503.7948718,7.385253906,-5.767822266,-30.85327148
112,0.4,76,0.198486328,0.046386719,-1.045898438,19.01,1008.89,89.66349206,64.92356532,-500.196337,-0.450134277,13.55743408,-36.37695313
113,0.65,76,0.21875,-0.007324219,-0.962158203,19.01,1008.86,98.21001221,80.36727717,-504.9943834,13.61083984,-116.6305542,-12.67242432
114,0.72,76,0.020019531,0.10546875,-1.037109375,19.01,1008.81,93.41196581,69.42173382,-484.4527473,5.561828613,3.005981445,-45.80688477
115,1.05,76,0.026123047,0.021484375,-1.030761719,19.01,1008.85,88.16410256,59.82564103,-485.8021978,-0.694274902,-2.342224121,19.3862915
116,0.81,76,0.147216797,0.060058594,-0.986572266,19.02,1008.9,41.08327228,57.42661783,-527.035409,5.065917969,-7.40814209,-5.447387695
117,0.89,76,0.185302734,0.077148438,-1.010253906,19.02,1008.83,41.83296703,58.17631258,-527.3352869,6.904602051,-5.157470703,-4.997253418
118,0.89,76,0.109375,0.080566406,-1.004394531,19.03,1008.86,40.63345543,58.02637363,-526.4356532,6.935119629,-4.173278809,-5.462646484
119,0.73,76,0.123779297,0.109619141,-1.015380859,19.01,1008.89,40.18363858,56.97680098,-525.8358974,5.706787109,-4.547119141,-5.096435547
120,0.81,76,0.081542969,0.046875,-1.030517578,19.02,1008.87,39.43394383,57.27667888,-526.8854701,5.096435547,-5.77545166,-6.500244141
121,0.72,76,0.224853516,0.055419922,-0.975830078,19.02,1008.91,44.08205128,56.52698413,-535.7318681,2.571105957,2.876281738,3.18145752
122,0.4,76,0.133544922,0.054931641,-0.890869141,19.01,1008.84,78.86788767,51.57899878,-487.1516484,3.799438477,-3.898620605,-15.88439941
123,0.8,76,0.106933594,0.015136719,-1.088134766,19.02,1008.91,70.32136752,60.87521368,-501.6957265,5.37109375,-12.65716553,-6.256103516
124,0.24,76,0.407470703,0.105224609,-0.770019531,19.02,1008.92,59.67570208,55.17753358,-503.3450549,9.498596191,-28.06854248,0.144958496
125,0.48,76,0.114501953,0.006103516,-1.016357422,19.01,1008.86,64.77362637,53.37826618,-494.4986569,10.15472412,2.174377441,-35.04943848
126,0.4,76,0.211669922,-0.154052734,-1.2578125,19.01,1008.94,74.66959707,80.06739927,-523.7367521,8.834838867,1.449584961,-9.437561035
127,0.56,76,0.236083984,-0.008056641,-1.030517578,19,1008.92,69.72161172,68.67203907,-500.9460317,20.2331543,-40.97747803,-49.04174805
128,0.56,76,-0.024414063,0.166748047,-0.74609375,18.99,1008.85,92.51233211,67.77240537,-491.7997558,6.217956543,-0.556945801,6.805419922
129,0.4,76,0.041503906,0.027587891,-1.021240234,18.98,1008.86,87.41440781,53.97802198,-496.4478632,11.71112061,-250,-28.42712402
130,0.8,76,0.184082031,0.110351563,-0.983886719,19.01,1008.9,95.36117216,62.07472527,-493.2991453,6.43157959,0.450134277,-13.46588135
131,1.05,76,0.072998047,-0.048583984,-1.130615234,19.01,1008.94,112.4542125,61.77484737,-425.376801,8.201599121,-31.45599365,-13.92364502
132,0.32,76,0.334716797,0.074951172,-1.195068359,18.99,1008.86,73.02026862,56.67692308,-484.9025641,4.951477051,-1.86920166,-66.69616699
133,0.64,76,0.062988281,-0.124511719,-0.985595703,19.02,1008.89,56.52698413,70.17142857,-542.3291819,2.059936523,35.987854,-10.1852417
134,1.36,76,0.315917969,0.014404297,-1.026367188,19.01,1008.92,70.77118437,58.62612943,-541.2796093,7.080078125,-6.729125977,-33.7677002
135,0.24,76,0.134277344,0.236816406,-0.818359375,18.99,1008.9,60.72527473,63.72405372,-501.6957265,-12.23754883,22.49145508,-2.700805664
136,0.32,76,0.134765625,0.028076172,-1.013916016,18.99,1008.91,50.37948718,56.37704518,-503.9448107,5.157470703,0.923156738,-6.782531738
137,0.32,76,0.278564453,0.020507813,-0.926513672,18.99,1008.92,52.77851038,67.02271062,-551.4754579,2.532958984,-38.0859375,-5.706787109
138,0.56,76,0.184570313,-0.109619141,-0.890869141,18.99,1008.84,80.96703297,72.27057387,-497.197558,6.103515625,-1.38092041,-5.699157715
139,0.4,76,0.204345703,0.157226563,-0.967041016,18.98,1008.84,87.26446886,75.26935287,-498.3970696,15.41137695,-7.583618164,-16.13616943
140,0.48,76,0.13671875,0.429443359,-1.019042969,18.98,1008.82,89.96336996,78.41807082,-494.4986569,4.241943359,-22.41516113,-12.77160645
141,0.48,76,0.119384766,0.096923828,-0.909179688,19.01,1008.91,93.56190476,57.12673993,-492.5494505,16.81518555,-3.967285156,-48.62976074
142,0.73,76,0.217529297,-0.022705078,-1.152832031,18.98,1008.89,93.56190476,49.92967033,-434.0732601,23.04840088,-131.2484741,-49.53765869
143,0.81,76,-0.122558594,0.189453125,-0.921386719,18.98,1008.91,78.56800977,55.47741148,-494.04884,3.303527832,3.021240234,-10.81085205
144,0.56,76,0.193359375,0.071533203,-1.135009766,18.99,1008.91,56.22710623,60.12551893,-499.2967033,1.625061035,-8.590698242,-12.59613037
145,0.32,76,0.048339844,0.0625,-0.962890625,18.99,1008.85,75.71916972,43.33235653,-511.7416361,5.836486816,-2.822875977,-12.89367676
146,0.24,76,-0.215332031,0.670898438,1.308349609,18.99,1008.85,67.77240537,55.62735043,-501.5457875,57.54852295,249.9923706,-64.53704834
147,0.56,76,-0.370361328,-0.186035156,-0.973388672,19.01,1008.91,60.27545788,48.13040293,-503.6449328,8.407592773,-5.126953125,-10.03265381
148,0.4,76,0.158447266,0.042236328,-1.041503906,18.98,1008.92,71.37094017,68.37216117,-511.7416361,4.486083984,-3.50189209,-5.912780762
149,0.4,76,0.128173828,0.024414063,-0.972900391,18.98,1008.89,53.37826618,75.86910867,-519.9882784,4.241943359,-5.615234375,-5.554199219
150,0.4,76,0.176025391,0.052734375,-0.997558594,18.98,1008.85,54.57777778,75.26935287,-514.8903541,6.774902344,-5.77545166,-6.278991699
151,0.4,76,0.224365234,-0.011230469,-1.009521484,18.99,1008.86,54.72771673,74.81953602,-514.7404151,6.439208984,-4.219055176,-5.851745605
152,0.4,76,0.234130859,0.040039063,-0.989990234,18.98,1008.86,53.52820513,76.31892552,-516.9894994,6.324768066,-5.638122559,-5.226135254
153,0.4,76,0.273681641,0.035400391,-1.019042969,18.99,1008.84,53.52820513,74.96947497,-513.2410256,5.210876465,-4.64630127,-4.356384277
154,0.4,76,0.204101563,0.0390625,-0.995605469,18.98,1008.85,53.97802198,74.81953602,-515.7899878,6.866455078,-6.172180176,-5.554199219
155,0.48,76,0.116943359,0.010742188,-0.989746094,18.99,1008.89,70.62124542,76.31892552,-527.3352869,9.185791016,-5.737304688,-2.258300781
156,0.4,76,0.261962891,0.002929688,-1.155761719,18.99,1008.89,82.61636142,56.07716728,-467.0598291,3.204345703,-5.378723145,-5.142211914
157,0.4,76,0.1875,-0.071044922,-0.992675781,19.01,1008.85,62.97435897,75.11941392,-529.2844933,9.094238281,-8.850097656,-40.86303711
158,0.56,76,0.078613281,0.071533203,-0.882324219,19.03,1008.84,84.71550672,75.26935287,-493.5990232,4.104614258,-0.129699707,7.40814209
159,0.4,76,-0.2421875,-1.327148438,-2.731201172,19.03,1008.85,78.71794872,58.17631258,-496.2979243,-96.35925293,249.9923706,22.90344238
160,0.73,76,0.100097656,-0.127685547,-0.87890625,19.05,1008.76,94.16166056,70.47130647,-483.1032967,13.26751709,-25.60424805,-25.8026123
161,0.48,76,0.368896484,0.022705078,-1.446533203,19.05,1008.84,102.5582418,60.72527473,-467.359707,-4.280090332,10.08605957,28.83148193
162,0.56,76,-0.168701172,-0.115722656,-0.968505859,19.07,1008.91,66.72283272,53.52820513,-493.8989011,6.660461426,-12.84790039,-12.12310791
163,0.48,76,0.104248047,-0.024902344,-1.030029297,19.07,1008.93,66.72283272,59.97557998,-496.2979243,9.620666504,-1.853942871,-10.12420654
164,0.32,76,0.157958984,0.143066406,-0.929199219,19.1,1008.9,65.52332112,56.37704518,-497.047619,6.217956543,-5.126953125,1.457214355
165,0.16,76,0.431396484,0.202636719,-0.967041016,19.09,1008.89,67.47252747,61.17509158,-501.9956044,15.70129395,-41.78619385,12.02392578
166,0.4,76,0.169921875,-0.023925781,-1.219238281,19.1,1008.97,50.67936508,55.62735043,-510.0923077,0.396728516,-3.875732422,-12.52746582
167,0.4,76,-0.023193359,-0.273925781,-0.434326172,19.11,1008.83,60.27545788,66.72283272,-516.3897436,25.06256104,-111.7401123,1.449584961
168,0.56,76,0.159912109,0.068115234,-0.978759766,19.1,1008.85,76.91868132,57.87643468,-529.4344322,13.83972168,1.708984375,-54.10003662
169,0.48,76,0.634521484,0.560058594,-1.056396484,19.11,1008.82,85.76507937,68.52210012,-490.4503053,11.65008545,1.518249512,-10.71929932
170,0.56,76,0.048828125,0.077636719,-0.768798828,19.13,1008.91,90.41318681,80.36727717,-500.4962149,7.164001465,-26.05438232,-9.201049805
171,0.73,76,0.107421875,0.146728516,-0.942626953,19.13,1008.83,86.21489621,60.72527473,-494.6485958,11.67297363,-16.0446167,-4.959106445
172,1.2,76,0.200195313,0.147705078,-0.927734375,19.14,1008.87,97.46031746,61.32503053,-468.8590965,7.49206543,-7.125854492,-11.11602783
173,1.04,76,0.105224609,0.008789063,-1.062255859,19.15,1008.92,60.57533578,56.07716728,-499.1467643,5.386352539,-7.476806641,-6.072998047
174,1.04,76,0.168457031,0.025146484,-1.0234375,19.16,1008.86,59.37582418,58.32625153,-498.2471306,4.577636719,-4.196166992,-6.02722168
175,1.04,76,0.140869141,0.086181641,-0.9765625,19.17,1008.92,58.77606838,57.87643468,-499.1467643,5.340576172,-5.249023438,-6.530761719
176,1.04,76,0.121582031,0.033447266,-0.988525391,19.16,1008.84,58.32625153,58.62612943,-499.8964591,5.836486816,-5.126953125,-6.904602051
177,1.04,76,0.093505859,0.073486328,-1.005371094,19.17,1008.87,59.07594628,57.27667888,-499.2967033,5.996704102,-5.363464355,-7.461547852
178,0.88,76,0.166259766,0.032958984,-0.958984375,19.18,1008.87,59.67570208,58.02637363,-500.9460317,3.601074219,-1.686096191,-8.13293457
179,0.89,76,0.244873047,-0.055419922,-1.087646484,19.19,1008.92,80.06739927,51.42905983,-483.5531136,3.982543945,-2.250671387,-6.149291992
180,0.64,76,0.129882813,0.165527344,-1.061523438,19.18,1008.92,65.97313797,53.82808303,-489.8505495,14.54162598,1.472473145,-21.02661133
181,0.56,76,0.159912109,0.024658203,-1.122558594,19.19,1008.92,58.02637363,67.32258852,-509.9423687,6.500244141,-6.050109863,-8.773803711
182,0.48,76,0.237792969,0.080078125,-0.989746094,19.18,1008.94,67.92234432,61.62490842,-496.8976801,1.945495605,-7.40814209,-8.460998535
183,0.4,76,0.292480469,0.231445313,-0.705322266,19.17,1008.83,59.97557998,58.47619048,-491.2,1.914978027,-11.89422607,-4.768371582
184,0.48,76,0.236816406,-0.15625,-1.064208984,19.18,1008.87,72.12063492,69.72161172,-534.0825397,10.89477539,-3.044128418,-40.02380371
185,0.4,76,0.232421875,-0.049316406,-0.963623047,19.19,1008.89,61.92478632,72.57045177,-507.8432234,9.010314941,-3.135681152,-34.97314453
186,0.32,76,0.324462891,0.038330078,-0.927490234,19.18,1008.91,70.77118437,75.86910867,-510.9919414,0.129699707,-22.16339111,-2.27355957
187,0.48,76,0.066894531,0.102294922,-1.046630859,19.18,1008.86,80.81709402,70.62124542,-493.5990232,4.234313965,5.599975586,-8.117675781
188,0.56,76,0.114990234,0.015625,-1.226074219,19.18,1008.91,85.46520147,68.52210012,-497.3474969,-0.648498535,-8.987426758,-45.24230957
189,0.48,76,0.585205078,0.16796875,-0.827880859,19.19,1008.92,92.06251526,72.27057387,-478.9050061,8.018493652,0.953674316,4.257202148
190,0.4,76,-0.243164063,0.481933594,-1.303710938,19.19,1008.91,90.26324786,49.77973138,-484.7526252,11.26861572,0.129699707,-24.40643311
191,1.13,76,0.510253906,0.313964844,-0.894775391,19.21,1008.84,90.41318681,60.27545788,-484.6026862,10.39886475,-10.09368896,-58.78448486
192,0.56,76,0.115722656,-0.038085938,-1.283691406,19.2,1008.84,77.66837607,60.72527473,-494.9484737,1.846313477,2.655029297,-7.15637207
193,0.48,76,0.029296875,-0.108398438,-1.038574219,19.22,1008.89,80.66715507,57.57655678,-494.04884,17.15087891,-4.234313965,-58.51745605
194,0.56,76,0.145263672,-0.119873047,-1.003417969,19.22,1008.9,65.22344322,58.92600733,-493.8989011,3.608703613,-6.080627441,-6.706237793
195,0.24,76,0.125,0.057861328,-0.897705078,19.23,1008.87,77.66837607,65.67326007,-508.4429792,62.61444092,7.949829102,-12.8326416
196,0.32,76,-0.043701172,-0.196777344,-1.030517578,19.22,1008.91,62.37460317,53.22832723,-512.191453,12.22991943,-5.958557129,-46.28753662
197,0.4,76,0.335449219,-0.077880859,-0.96875,19.24,1008.92,64.17387057,73.17020757,-509.7924298,3.471374512,-5.462646484,-5.722045898
198,0.4,76,0.157714844,-0.008544922,-1.036132813,19.22,1008.84,59.52576313,71.67081807,-521.18779,9.727478027,-12.6953125,-15.3503418
199,0.4,76,0.174072266,0.038085938,-0.970947266,19.23,1008.92,51.42905983,41.38315018,-563.170696,5.218505859,-4.287719727,-6.340026855
200,0.4,76,0.19921875,0.050292969,-0.967773438,19.23,1008.94,52.47863248,45.73137973,-567.9687424,6.088256836,-5.142211914,-9.468078613
201,0.4,76,0.173095703,0.000976563,-0.982666016,19.25,1008.89,53.67814408,44.38192918,-569.168254,4.280090332,-5.271911621,-5.378723145
202,0.4,76,0.174072266,-0.008789063,-0.958007813,19.27,1008.85,52.47863248,45.73137973,-567.9687424,4.844665527,-5.798339844,-5.989074707
203,0.4,76,0.184082031,-0.011474609,-0.975097656,19.28,1008.9,52.77851038,45.73137973,-567.9687424,7.797241211,-3.715515137,-7.827758789
204,0.4,76,0.247802734,-0.004638672,-1.007568359,19.29,1008.87,53.37826618,44.83174603,-567.5189255,6.225585938,-4.096984863,-6.851196289
205,0.4,76,0.166992188,-0.016601563,-0.980957031,19.31,1008.85,51.72893773,46.33113553,-567.2190476,6.370544434,-4.356384277,-6.591796875
206,0.4,76,0.167724609,-0.022705078,-0.958007813,19.33,1008.86,53.82808303,41.68302808,-572.167033,4.859924316,-5.210876465,-4.806518555
207,0.4,76,0.089111328,0.063964844,-1.010009766,19.35,1008.9,62.67448107,37.78461538,-571.1174603,1.907348633,-44.6472168,-11.59667969
208,0.56,76,0.102783203,-0.166259766,-1.070068359,19.36,1008.87,76.76874237,69.42173382,-522.9870574,3.730773926,11.81793213,-47.11151123
209,0.32,76,0.130126953,0.000732422,-0.888427734,19.39,1008.92,93.86178266,67.62246642,-500.9460317,3.623962402,-3.715515137,-3.219604492
210,0.48,76,0.104736328,0.053955078,-0.983886719,19.42,1008.84,83.21611722,56.22710623,-484.4527473,2.822875977,-7.469177246,-4.234313965
211,0.32,76,0.091064453,-0.114746094,-1.110839844,19.44,1008.92,98.65982906,69.57167277,-489.4007326,7.904052734,12.44354248,-36.63635254
212,0.97,76,0.036865234,0.05859375,-0.877685547,19.47,1008.92,88.46398046,69.42173382,-448.3174603,7.392883301,27.2064209,-18.76068115
213,0.32,76,-0.085449219,-0.445068359,-0.844970703,19.48,1008.94,71.97069597,53.82808303,-495.6981685,3.616333008,1.289367676,-17.38739014
214,0.56,76,0.300048828,-0.130371094,-1.518066406,19.49,1008.92,63.27423687,66.87277167,-500.3462759,14.5111084,-4.371643066,-47.73712158
215,0.24,76,0.099609375,0.392333984,-0.408691406,19.52,1008.94,62.97435897,51.12918193,-490.3003663,57.71636963,249.9923706,-21.70562744
216,0.4,76,0.244384766,-0.081542969,-1.025146484,19.54,1008.93,68.07228327,53.22832723,-493.8989011,16.09802246,-8.21685791,-44.6395874
217,0.56,76,0.120849609,0.045410156,-0.939208984,19.55,1008.9,71.07106227,78.41807082,-512.041514,10.01739502,4.081726074,-15.18249512
218,0.4,76,0.428955078,0.112060547,-0.641601563,19.56,1008.92,73.17020757,67.92234432,-508.8927961,1.78527832,-67.19970703,-2.342224121
219,0.64,76,0.245849609,-0.033447266,-0.903808594,19.6,1008.92,77.66837607,70.32136752,-495.2483516,9.475708008,-5.523681641,-43.56384277
220,0.56,76,0.176269531,0.166992188,-1.004638672,19.62,1008.9,91.16288156,66.42295482,-493.5990232,5.187988281,-3.204345703,-12.93945313
221,0.56,76,0.356445313,0.108886719,-0.926513672,19.65,1008.89,105.5570208,94.76141636,-517.5892552,31.46362305,-24.94049072,6.271362305
222,0.4,76,0.308105469,-0.090332031,-1.032714844,19.67,1008.92,76.91868132,45.28156288,-513.5409035,5.13458252,6.378173828,-9.841918945
223,0.73,76,-0.060058594,0.054931641,-1.115966797,19.69,1008.89,104.2075702,64.17387057,-486.4019536,9.086608887,0.625610352,-20.01190186
224,1.13,76,0.024414063,-0.082763672,-1.06640625,19.7,1008.84,92.36239316,60.12551893,-473.8070818,4.302978516,-4.905700684,-5.386352539
225,0.97,76,0.075927734,0.055664063,-0.961669922,19.73,1008.9,58.47619048,61.32503053,-502.5953602,5.409240723,-3.784179688,-5.989074707
226,0.97,76,0.087158203,0.049072266,-0.965087891,19.74,1008.91,58.47619048,60.72527473,-500.7960928,7.873535156,-5.043029785,-4.455566406
227,1.13,76,0.143310547,-0.001953125,-1.046875,19.76,1008.91,58.32625153,60.87521368,-500.9460317,6.004333496,-5.363464355,-7.293701172
228,1.05,76,0.125976563,0.025390625,-1.081542969,19.77,1008.92,57.57655678,61.92478632,-500.9460317,6.950378418,-8.308410645,-6.332397461
229,0.97,76,0.185302734,0.057373047,-0.964355469,19.77,1008.97,58.62612943,65.52332112,-503.3450549,3.776550293,-2.44140625,-5.218505859
230,0.48,76,0.244140625,0.123535156,-1.005859375,19.79,1008.93,73.02026862,67.02271062,-496.2979243,-0.846862793,-4.852294922,-7.171630859
231,0.49,76,0.143798828,0.031738281,-1.013671875,19.79,1008.93,77.36849817,56.37704518,-478.7550672,1.38092041,-4.31060791,10.28442383
232,0.56,76,0.065429688,-0.042236328,-0.814208984,19.81,1008.92,81.41684982,58.62612943,-486.5518926,12.64953613,-4.409790039,-54.58068848
233,0.72,76,0.1640625,0.005126953,-0.997070313,19.82,1008.94,58.32625153,66.57289377,-572.3169719,6.355285645,-3.623962402,-10.66589355
234,0.24,76,0.026123047,0.035400391,-1.066162109,19.83,1008.89,67.77240537,67.02271062,-500.196337,4.104614258,1.403808594,-8.598327637
235,0.48,76,0.204101563,-0.072265625,-0.952392578,19.83,1008.94,69.12185592,61.77484737,-495.2483516,7.034301758,-6.713867188,-1.38092041
236,0.4,76,0.057128906,-0.045654297,-1.0078125,19.84,1008.93,56.07716728,68.22222222,-502.1455433,11.48223877,0.823974609,-30.99822998
237,0.4,76,0.212646484,-0.036376953,-0.874511719,19.86,1008.89,73.91990232,72.57045177,-515.040293,8.911132813,-14.5111084,-8.232116699
238,0.56,76,0.245605469,0.094726563,-0.783935547,19.88,1008.92,82.76630037,65.82319902,-495.8481074,14.07623291,-12.50457764,-39.07012939
239,0.56,76,0.246337891,0.093505859,-0.98828125,19.9,1008.91,88.31404151,67.47252747,-486.7018315,7.019042969,2.822875977,-23.65112305
240,0.4,76,0.030029297,0.182617188,-0.992675781,19.92,1008.9,76.16898657,58.47619048,-483.2532357,6.622314453,-10.97869873,-14.98413086
241,0.64,76,0.159667969,0.061279297,-0.962158203,19.92,1008.9,86.36483516,59.07594628,-481.0041514,6.889343262,-8.323669434,-5.401611328
242,0.81,76,0.119628906,0.124511719,-1.161621094,19.95,1008.92,80.81709402,53.82808303,-462.5616606,3.959655762,-4.14276123,-10.99395752
243,1.21,76,0.08203125,0.150878906,-0.956054688,19.98,1008.97,84.86544567,55.47741148,-482.353602,10.39886475,-0.373840332,-5.172729492
244,0.64,76,0.0703125,-0.217773438,-1.149169922,19.97,1008.99,72.57045177,54.72771673,-487.1516484,14.86206055,10.31494141,-73.58551025
245,4.34,76,0.095703125,0.05859375,-0.924560547,19.97,1008.87,63.42417582,43.93211233,-514.5904762,3.776550293,-4.028320313,5.477905273
246,0.48,76,-0.362792969,0.216552734,-1.144775391,20,1008.97,62.22466422,64.47374847,-490.3003663,10.62774658,-15.55633545,-2.18963623
247,0.4,76,0.031494141,-0.045410156,-0.622070313,20.01,1008.99,64.47374847,56.67692308,-492.5494505,13.15307617,3.295898438,-41.62597656
248,0.56,76,0.291259766,0.031738281,-0.9609375,20.04,1009,66.87277167,69.12185592,-505.4442002,8.079528809,-250,-10.69641113
249,0.32,76,0.180664063,-0.186767578,-1.518310547,20.04,1008.95,80.81709402,43.18241758,-493.5990232,4.081726074,-25.97808838,10.10894775
250,0.64,76,0.025878906,0.052734375,-1.009765625,20.06,1008.92,89.66349206,67.77240537,-523.5868132,11.00158691,-15.22064209,-41.14532471
251,0.64,76,0.049804688,-0.030029297,-0.884521484,20.09,1008.97,94.91135531,69.72161172,-480.2544567,-1.937866211,3.433227539,-1.846313477
252,0.32,76,-0.713134766,0.459960938,-1.379638672,20.1,1008.94,89.06373626,54.27789988,-477.7054945,-26.03912354,84.46502686,-26.16119385
253,0.97,76,0.123291016,0.006103516,-0.881591797,20.1,1008.95,94.01172161,63.87399267,-486.4019536,8.514404297,-20.15686035,-9.941101074
254,1.21,76,0.206054688,0.006347656,-0.867919922,20.14,1008.94,109.9052503,55.62735043,-424.3272283,6.912231445,-7.751464844,-43.76983643
255,0.97,76,0.171386719,-0.064208984,-0.825439453,20.15,1008.94,77.96825397,63.87399267,-491.2,5.935668945,-19.66094971,-14.53399658
256,0.56,76,0.137695313,-0.083251953,-0.780761719,20.18,1008.97,72.87032967,57.57655678,-481.3040293,6.66809082,1.007080078,-16.30401611
257,0.56,76,0.024902344,-0.0546875,-1.043212891,20.18,1008.94,68.07228327,56.07716728,-493.2991453,5.928039551,5.630493164,-7.995605469
258,0.24,76,0.160644531,-0.259277344,-0.982421875,20.2,1008.92,67.92234432,61.62490842,-488.201221,4.463195801,-9.353637695,-10.58197021
259,0.24,76,0.117919922,-0.234619141,-1.085205078,20.22,1008.94,66.72283272,58.47619048,-500.7960928,5.630493164,8.026123047,1.686096191
260,0.48,76,0.103759766,-0.150634766,-0.969970703,20.24,1008.94,50.97924298,52.77851038,-497.3474969,11.61956787,-6.164550781,-31.15844727
261,0.48,76,0.128173828,0.019775391,-0.903808594,20.26,1008.93,66.42295482,77.21855922,-507.2434676,10.41412354,-2.479553223,-14.06097412
262,0.32,76,0.161132813,0.048583984,-0.838134766,20.27,1008.91,64.02393162,71.52087912,-510.2422466,6.164550781,-5.332946777,-5.973815918
263,0.4,76,0.059570313,-0.104736328,-0.957519531,20.31,1008.98,55.17753358,73.02026862,-502.2954823,5.882263184,-5.989074707,-7.369995117
264,0.4,76,0.09375,-0.079101563,-0.985839844,20.33,1008.93,54.87765568,74.21978022,-504.5445665,6.43157959,-8.331298828,-6.797790527
265,0.4,76,0.142333984,-0.092529297,-0.969970703,20.34,1009,55.17753358,74.81953602,-504.0947497,6.317138672,-7.881164551,-7.034301758
266,0.4,76,0.123535156,-0.084228516,-0.950195313,20.36,1008.92,53.37826618,74.36971917,-502.7452991,7.957458496,-4.089355469,-6.912231445
267,0.4,76,0.208007813,-0.02734375,-0.978027344,20.39,1008.97,53.52820513,74.96947497,-503.195116,6.134033203,-3.753662109,-6.317138672
268,0.4,76,0.062011719,-0.022460938,-0.930908203,20.4,1008.95,52.77851038,77.81831502,-506.3438339,6.378173828,-4.364013672,-7.392883301
269,0.4,76,0.146972656,-0.036376953,-1.001220703,20.43,1008.97,54.27789988,73.91990232,-502.8952381,5.393981934,-3.379821777,-3.715515137
270,0.56,76,0.208740234,-0.080078125,-0.922607422,20.45,1008.92,78.71794872,61.77484737,-520.7379731,25.64239502,55.36651611,-5.645751953
271,0.4,76,0.116699219,0.007324219,-0.989990234,20.47,1008.95,75.41929182,69.72161172,-490.6002442,11.26861572,-11.08551025,-13.63372803
272,0.64,76,-0.100830078,-0.036621094,-1.029785156,20.48,1008.92,66.42295482,70.17142857,-512.041514,7.583618164,-4.14276123,-37.97149658
273,0.64,76,0.151367188,0.130371094,-0.942382813,20.52,1008.95,92.96214896,58.47619048,-485.6522589,1.945495605,-7.606506348,1.220703125
274,0.56,76,0.172607422,0.005615234,-1.008056641,20.54,1008.93,108.7057387,20.54163614,-521.9374847,4.127502441,0.541687012,-6.935119629
275,0.56,76,-0.698730469,-0.018554688,-1.778320313,20.56,1008.92,83.36605617,68.22222222,-521.4876679,11.00921631,8.995056152,-4.486083984
276,0.4,76,0.122314453,0.034179688,-1.044921875,20.59,1008.94,89.21367521,65.07350427,-472.0078144,3.547668457,-3.578186035,-4.440307617
277,0.89,76,0.09375,-0.076660156,-0.998046875,20.6,1008.9,104.957265,62.07472527,-478.4551893,14.93835449,-5.363464355,-39.16168213
278,1.77,76,0.131591797,-0.272949219,-0.988769531,20.62,1008.9,108.1059829,70.32136752,-447.7177045,2.69317627,3.402709961,-8.430480957
279,1.37,76,0.179199219,0.056152344,-1.012451172,20.64,1008.94,76.46886447,49.77973138,-478.6051282,7.476806641,-5.615234375,-9.071350098
280,0.48,76,0.138427734,-0.193115234,-1.031738281,20.64,1008.97,71.67081807,60.72527473,-492.8493284,11.98577881,13.24462891,-18.95904541
281,0.16,76,0.188232422,-0.184570313,-1.083251953,20.66,1008.9,64.92356532,58.92600733,-495.2483516,14.54162598,19.63806152,-12.17651367
282,0.32,76,-0.187744141,0.0625,-0.771972656,20.68,1008.91,71.07106227,45.88131868,-528.8346764,11.82556152,-1.693725586,-24.15466309
283,0.32,76,0.089111328,-0.299072266,-0.934082031,20.69,1008.94,51.27912088,70.17142857,-503.045177,12.23754883,-14.95361328,-42.57965088
284,0.4,76,0.029296875,0.034179688,-0.923095703,20.7,1008.89,77.96825397,71.37094017,-503.9448107,5.722045898,-13.82446289,-2.76184082
285,0.48,76,0.156982422,-0.130859375,-1.073974609,20.71,1008.9,80.06739927,74.21978022,-504.2446886,5.828857422,-5.729675293,0.900268555
286,0.4,76,0.118408203,0.035888672,-0.864013672,20.73,1008.98,90.41318681,62.37460317,-494.3487179,10.97106934,-2.861022949,-37.20092773
287,0.4,76,-0.095214844,-0.163085938,-1.038818359,20.73,1008.92,88.61391941,69.27179487,-484.6026862,2.563476563,10.13183594,-8.193969727
288,0.4,76,-0.215576172,0.475585938,-1.473388672,20.76,1008.9,87.26446886,58.17631258,-478.1553114,7.133483887,-2.227783203,-3.860473633
289,0.4,76,0.069335938,0.075927734,-0.939941406,20.75,1008.84,89.96336996,65.52332112,-486.8517705,5.851745605,-4.295349121,-2.815246582
290,0.4,76,0.093261719,-0.071533203,-1.00390625,20.78,1008.87,80.51721612,66.72283272,-477.1057387,4.013061523,-1.800537109,-3.50189209
291,0.32,76,0.017333984,-0.233398438,-1.095947266,20.77,1008.91,85.76507937,69.57167277,-484.3028083,8.514404297,-13.8168335,-7.110595703
292,0.73,76,0.218505859,-0.026123047,-0.87109375,20.78,1008.9,102.2583639,62.97435897,-475.9062271,3.341674805,-6.286621094,-44.03686523
293,1.05,76,0.064941406,-0.064941406,-0.998046875,20.79,1008.95,74.06984127,67.47252747,-476.0561661,2.426147461,-4.302978516,-6.973266602
294,1.21,76,0.098388672,-0.082763672,-0.973144531,20.8,1008.93,46.03125763,61.02515263,-516.6896215,5.416870117,-3.150939941,-4.974365234
295,0.97,76,0.102539063,0.029541016,-0.979736328,20.81,1008.86,47.68058608,59.82564103,-518.189011,6.607055664,-3.150939941,-3.356933594
296,1.13,76,0.057373047,0.019042969,-0.994140625,20.8,1008.9,46.63101343,61.92478632,-516.0898657,6.721496582,-4.615783691,-4.776000977
297,1.13,76,0.145996094,0.031982422,-0.977783203,20.81,1008.87,46.48107448,59.52576313,-515.6400488,5.249023438,-3.829956055,-5.577087402
298,1.21,76,0.173828125,-0.136474609,-0.985595703,20.81,1008.95,44.83174603,60.42539683,-514.1406593,4.516601563,-3.448486328,-3.639221191
299,0.48,76,0.197265625,-0.055664063,-1.054443359,20.82,1008.93,46.78095238,60.27545788,-514.8903541,-0.907897949,-4.653930664,14.46533203
300,0.8,76,-0.048339844,-0.073486328,-1.037597656,20.82,1008.92,66.12307692,61.62490842,-492.0996337,7.225036621,-2.853393555,-33.23364258
301,0.64,76,0.172119141,-0.139892578,-1.086425781,20.82,1008.9,68.37216117,57.87643468,-502.5953602,2.861022949,-7.57598877,-8.46862793
302,0.24,76,0.040771484,-0.156982422,-0.971191406,20.82,1008.91,65.22344322,54.27789988,-487.7514042,38.39874268,-33.46252441,-7.827758789
303,0.24,76,-3.0546875,-1.833251953,2.466308594,20.82,1008.86,77.51843712,60.12551893,-506.4937729,1.518249512,-10.7421875,-36.46087646
304,0.4,76,0.096923828,-0.034179688,-1.021972656,20.81,1008.95,58.32625153,72.57045177,-501.3958486,5.355834961,-7.942199707,-31.91375732
305,0.48,76,0.012207031,-0.218017578,-0.574951172,20.83,1008.89,67.92234432,66.87277167,-513.0910867,7.40814209,-4.302978516,-2.60925293
306,0.48,76,0.173583984,-0.081298828,-0.974609375,20.82,1008.95,80.51721612,74.21978022,-493.2991453,4.936218262,-10.52093506,-2.227783203
307,0.8,76,0.010498047,0.042480469,-0.976806641,20.8,1008.89,91.46275946,68.52210012,-487.4515263,11.76452637,-11.4364624,-15.83099365
308,0.64,76,0.045166016,0.031738281,-0.806396484,20.81,1008.9,109.0056166,21.14139194,-593.3084249,-9.239196777,-250,-22.38464355
309,0.4,76,0.138671875,0.01953125,-0.959228516,20.8,1008.89,85.46520147,64.17387057,-479.0549451,-2.487182617,49.659729,-6.034851074
310,1.12,76,0.308105469,-0.118164063,-0.965820313,20.81,1008.92,99.85934066,62.22466422,-479.354823,11.13891602,-8.926391602,-29.36553955
311,1.04,76,0.044677734,0.017089844,-0.917236328,20.8,1008.91,72.72039072,58.92600733,-487.0017094,11.2991333,-7.484436035,-9.887695313
312,0.56,76,-0.113769531,-0.209472656,-1.033203125,20.79,1008.86,67.92234432,55.77728938,-484.7526252,3.814697266,-7.400512695,-36.58294678
313,0.48,76,0.113525391,-0.046875,-0.928466797,20.79,1008.92,70.02148962,43.33235653,-534.6822955,6.195068359,-3.135681152,-7.415771484
314,0.24,76,0.066162109,0.090576172,-0.98046875,20.79,1008.99,74.06984127,73.47008547,-531.5335775,9.033203125,-6.622314453,-6.408691406
315,0.32,76,0.014404297,-0.431396484,-1.322021484,20.78,1008.98,59.67570208,54.72771673,-499.8964591,16.15905762,-112.159729,8.46862793
316,0.48,76,0.053466797,-0.143798828,-1.108398438,20.77,1008.98,57.27667888,70.17142857,-499.2967033,9.490966797,-7.232666016,-29.60968018
317,0.48,76,0.126708984,-0.068115234,-0.994384766,20.76,1008.92,77.51843712,81.26691087,-500.9460317,5.630493164,-1.983642578,-5.027770996
318,0.4,76,0.163574219,0.015380859,-0.864501953,20.76,1008.92,64.77362637,75.11941392,-540.2300366,7.652282715,-9.475708008,-3.707885742
319,0.48,76,0.177734375,-0.109130859,-1.015380859,20.74,1008.95,94.76141636,66.42295482,-491.4998779,15.25878906,17.60864258,-38.2232666
320,0.64,76,0.312255859,0.028564453,-1.25390625,20.73,1008.97,100.1592186,70.47130647,-492.0996337,-11.28387451,-39.6270752,-14.72473145
321,0.4,76,0.197753906,-0.003662109,-1.078857422,20.73,1008.9,73.17020757,72.57045177,-514.7404151,18.48602295,-1.373291016,-9.864807129
322,0.4,76,0.090332031,-0.003662109,-0.95703125,20.73,1008.94,80.66715507,60.87521368,-473.0573871,5.249023438,-3.807067871,-6.248474121
323,0.4,76,0.095214844,0.187255859,-1.000732422,20.74,1008.93,77.96825397,62.37460317,-477.1057387,4.974365234,-3.913879395,-5.462646484
324,0.4,76,0.15625,-0.001708984,-1.073974609,20.72,1008.91,83.36605617,62.37460317,-468.8590965,5.615234375,-10.55908203,-3.921508789
325,0.48,76,0.146728516,0.004150391,-0.950683594,20.71,1008.85,82.46642247,61.92478632,-470.0586081,7.461547852,-3.578186035,-8.926391602
326,0.56,76,0.091552734,-0.034423828,-1.002685547,20.72,1009,81.41684982,61.62490842,-478.9050061,7.8125,-12.45117188,-9.552001953
327,0.73,76,0.055664063,0.059082031,-0.954833984,20.71,1008.94,96.11086691,67.77240537,-470.5084249,4.127502441,-6.141662598,-4.783630371
328,0.97,76,0.289794922,0.014160156,-0.779052734,20.7,1008.93,86.51477411,52.77851038,-459.1130647,12.9776001,-11.67297363,-20.93505859
329,1.13,76,0.032958984,0.088623047,-0.973144531,20.71,1008.98,91.61269841,69.42173382,-489.2507937,14.86206055,7.209777832,-51.49078369
330,0.48,76,0.061279297,-0.012451172,-1.037597656,20.7,1008.94,71.82075702,56.22710623,-485.8021978,-2.853393555,-7.514953613,-11.04736328
331,0.24,76,0.157958984,-0.196289063,-0.846923828,20.7,1008.92,69.27179487,53.67814408,-493.7489621,-27.29797363,-116.7526245,-21.49963379
332,0.56,76,0.070556641,-0.136230469,-0.979248047,20.69,1008.91,63.42417582,54.57777778,-489.1008547,14.77813721,0.144958496,-43.64776611
333,0.48,76,0.171875,-0.093994141,-0.997558594,20.7,1008.92,67.32258852,76.31892552,-505.2942613,4.753112793,0.778198242,-28.66363525
334,0.48,76,0.135742188,0.025634766,-1.059326172,20.71,1008.94,72.87032967,79.01782662,-507.8432234,4.776000977,-3.219604492,-6.050109863
335,0.56,76,0.197509766,-0.016601563,-0.975097656,20.7,1008.92,29.98778999,72.27057387,-562.5709402,4.455566406,-2.326965332,-3.486633301
336,0.56,76,0.189697266,-0.178710938,-0.961669922,20.71,1008.97,55.62735043,38.08449328,-565.8695971,4.348754883,-2.868652344,-4.669189453
337,0.56,76,0.163085938,-0.042236328,-0.94921875,20.69,1008.85,54.42783883,39.43394383,-565.4197802,4.875183105,-5.94329834,-3.402709961
338,0.56,76,0.145751953,-0.068115234,-0.965332031,20.71,1008.91,54.42783883,38.38437118,-566.019536,5.409240723,-4.776000977,-4.318237305
339,0.56,76,0.138916016,-0.028320313,-0.968017578,20.71,1008.98,54.87765568,38.53431013,-567.2190476,5.035400391,-3.517150879,-6.210327148
340,0.56,76,0.160644531,0.04296875,-0.967773438,20.7,1008.94,55.17753358,39.43394383,-566.019536,3.311157227,-3.433227539,-4.425048828
341,0.48,76,0.168701172,-0.041503906,-0.993896484,20.7,1008.92,55.17753358,38.98412698,-565.7196581,2.868652344,-6.385803223,-4.333496094
342,0.4,76,0.282714844,0.019042969,-1.004638672,20.7,1008.86,88.16410256,71.22100122,-490.3003663,7.713317871,1.304626465,-6.637573242
343,0.72,76,0.149658203,-0.098632813,-0.893798828,20.7,1008.92,79.46764347,74.66959707,-492.5494505,11.46697998,-5.020141602,-31.97479248
344,0.64,76,0.205810547,0.038574219,-0.916259766,20.7,1008.9,90.41318681,63.57411477,-489.8505495,4.409790039,-21.30126953,-9.086608887
345,0.48,76,0.012451172,-0.059326172,-0.879150391,20.69,1008.87,83.66593407,57.12673993,-479.5047619,0.16784668,32.52410889,-7.873535156
346,0.48,76,0.080566406,0.032470703,-0.887695313,20.69,1008.91,92.96214896,57.12673993,-480.1045177,7.606506348,14.85443115,-4.676818848
347,0.97,76,0.370605469,-0.023681641,-0.821044922,20.67,1008.9,102.8581197,60.27545788,-469.7587302,14.60266113,21.78192139,-47.44720459
348,0.81,76,-0.038085938,0.646240234,-0.166503906,20.68,1008.87,71.97069597,48.58021978,-518.039072,-0.556945801,2.494812012,-1.71661377
349,0.48,76,0.074707031,-0.333007813,-0.713134766,20.68,1008.93,76.61880342,59.22588523,-481.1540904,6.332397461,-1.052856445,-57.7545166
350,0.72,76,-0.510742188,-0.043945313,-0.736328125,20.67,1008.94,62.97435897,61.17509158,-501.3958486,-3.662109375,-14.69421387,-1.86920166
351,0.24,76,-0.037597656,-0.076904297,-1.007324219,20.66,1008.92,53.67814408,64.77362637,-487.1516484,4.302978516,-7.141113281,-7.507324219
352,0.48,76,0.198974609,0.063476563,-1.109375,20.65,1008.95,83.36605617,55.62735043,-502.1455433,11.13128662,-12.42828369,-49.95727539
353,0.48,76,-0.025146484,-0.104736328,-0.861083984,20.63,1009.01,57.72649573,70.32136752,-503.6449328,7.431030273,-1.129150391,-7.141113281
354,0.48,76,0.27734375,-0.200439453,-0.989257813,20.64,1008.93,66.72283272,64.92356532,-523.1369963,9.414672852,-16.54052734,-3.120422363
355,0.48,76,0.153076172,-0.104492188,-1.231445313,20.63,1008.94,73.47008547,70.02148962,-499.4466422,4.844665527,-0.778198242,-46.30279541
356,0.88,76,0.039306641,0.087158203,-0.895263672,20.62,1008.91,91.31282051,70.77118437,-484.1528694,4.127502441,-19.20318604,-14.45770264
357,0.8,76,0.067382813,0.0625,-1.067382813,20.61,1008.91,89.66349206,43.93211233,-481.6039072,8.811950684,-4.707336426,-4.127502441
358,0.97,76,0.166259766,-0.066650391,-1.028808594,20.61,1008.92,82.91623932,69.27179487,-473.6571429,9.719848633,-26.49688721,-45.09735107
359,0.56,76,0.026611328,-0.009033203,-0.734863281,20.59,1008.91,99.70940171,64.62368742,-471.5579976,7.00378418,-6.576538086,-5.531311035
360,0.56,76,0.066894531,0.051513672,-0.975341797,20.59,1008.9,70.77118437,59.07594628,-473.0573871,7.194519043,-6.607055664,-9.574890137
361,0.56,76,0.031738281,0.056396484,-0.978759766,20.57,1008.9,71.07106227,57.27667888,-475.1565324,5.546569824,-7.148742676,-7.385253906
362,0.56,76,-0.050292969,-0.010498047,-0.990966797,20.56,1008.85,70.92112332,56.37704518,-476.356044,6.988525391,-6.034851074,-8.842468262
363,0.56,76,0.090820313,0.060302734,-0.996582031,20.55,1008.92,71.22100122,56.37704518,-476.356044,6.370544434,-3.944396973,-8.277893066
364,0.56,76,0.136474609,-0.026611328,-1.018310547,20.55,1008.9,71.97069597,57.12673993,-475.0065934,4.669189453,-5.172729492,-7.141113281
365,0.56,76,0.059814453,-0.061279297,-0.946044922,20.54,1008.93,71.67081807,55.62735043,-475.3064713,7.637023926,-5.805969238,-6.91986084
366,0.56,76,0.096191406,0.02734375,-0.964111328,20.53,1008.95,72.27057387,56.07716728,-477.1057387,3.051757813,-4.951477051,-8.87298584
367,0.57,76,0.152099609,0.091064453,-0.953125,20.52,1008.92,72.12063492,56.22710623,-500.6461538,5.149841309,-7.400512695,-5.432128906
368,0.8,76,0.102294922,-0.028808594,-1.037353516,20.52,1008.92,84.41562882,52.47863248,-488.8009768,9.552001953,-12.46643066,-45.25756836
369,0.48,76,0.016357422,0.098388672,-1.403808594,20.5,1008.99,65.52332112,50.22954823,-495.6981685,1.754760742,8.163452148,-4.287719727
370,0.32,76,0.007324219,-0.119384766,-0.98828125,20.5,1009.01,62.22466422,55.47741148,-487.9013431,5.195617676,-6.278991699,-7.247924805
371,0.32,76,0.053955078,-0.038818359,-0.926025391,20.49,1009.02,61.92478632,62.22466422,-484.1528694,6.561279297,-6.561279297,-8.95690918
372,0.24,76,0.051269531,-0.043212891,-0.977539063,20.47,1008.98,60.42539683,62.67448107,-487.1516484,6.538391113,-6.500244141,-7.102966309
373,0.24,76,0.137939453,-0.042724609,-0.976074219,20.46,1008.97,62.67448107,65.97313797,-488.8009768,6.240844727,-4.013061523,-7.125854492
374,0.16,76,0.112792969,-0.040527344,-0.980957031,20.46,1009.01,60.57533578,61.77484737,-487.7514042,7.209777832,-6.507873535,-7.148742676
375,0.08,76,0.059082031,-0.13671875,-0.952148438,20.44,1008.98,61.32503053,61.32503053,-486.7018315,7.102966309,-3.532409668,-8.361816406
376,0.08,76,0.093261719,-0.027099609,-0.927490234,20.43,1008.97,60.12551893,62.97435897,-488.201221,6.050109863,-5.783081055,-7.530212402
377,0.16,76,0.108886719,-0.059814453,-0.963623047,20.42,1008.94,60.27545788,61.77484737,-488.0512821,6.622314453,-5.569458008,-7.057189941
378,0.08,76,0.117431641,0.026367188,-0.934082031,20.42,1008.95,62.67448107,62.37460317,-486.4019536,6.065368652,-4.020690918,-6.484985352
379,0.08,76,0.084960938,-0.151611328,-0.969726563,20.41,1008.91,58.32625153,62.22466422,-487.1516484,6.172180176,-4.920959473,-7.957458496
380,0.16,76,0.088134766,-0.031738281,-0.909912109,20.4,1008.91,59.52576313,62.37460317,-487.7514042,5.767822266,-7.034301758,-6.988525391
381,0.08,76,0.076171875,-0.105224609,-0.948242188,20.39,1008.9,60.27545788,61.02515263,-489.1008547,6.500244141,-3.99017334,-6.202697754
